{
  "mappings": [
    {
      "request": {
        "method": "GET",
        "url": "/one"
      },
      "response": {
        "status": 200
      }
    },
    {
      "id": "8c5db8b0-2db4-4ad7-a99f-38c9b00da3f7",
      "request": {
        "url": "/two"
      },
      "response": {
        "body": "Updated"
      }
    },
    {
      "request": {
        "url": "/BAY.KOL.WebService.PROD/AuthenService.asmx"
      },
      "response": {
    "status": 200,
        "bodyFileName": "kol_response.xml",
        "headers": {
          "Content-Type": "application/soap+xml; charset=utf-8"
        }
      }
    },
    {
      "request": {
        "url": "/BAY.KOL.Corp.WebService.UAT9/AuthenService.asmx"
      },
      "response": {
		"status": 200,
        "bodyFileName": "kbol_response.xml",
        "headers": {
          "Content-Type": "application/soap+xml; charset=utf-8"
        }
      }
    }
  ]
}

